Frecuencia (Hz),Magnitud (Ohm),Fase (grados)
4000.0,389.377,177.063
4346.26,388.202,176.80200000000002
4722.49,387.229,176.531
5131.29,386.179,176.27999999999997
5575.47,384.958,176.01099999999997
6058.11,383.708,175.73199999999997
6582.53,382.538,175.394
7152.34,378.87,175.16700000000003
7771.47,377.222,174.89499999999998
8444.21,375.552,174.64499999999998
9175.17,373.502,174.36900000000003
9969.42,371.231,174.11
10832.41,369.055,173.85900000000004
11770.11,366.163,173.61599999999999
12788.98,363.728,173.389
13896.05,361.092,173.17200000000003
15098.95,358.157,172.971
16405.98,355.267,172.777
17826.16,352.321,172.62900000000002
19369.27,348.375,172.25400000000002
21045.95,345.631,172.094
22867.78,343.002,171.949
24847.31,340.071,171.84500000000003
26998.2,337.315,171.726
29335.29,334.04,171.656
31874.67,331.248,171.594
34633.88,328.369,171.526
37631.94,325.312,171.52099999999996
40889.52,322.293,171.50599999999997
44429.09,319.025,171.519
48275.07,316.059,171.56399999999996
52453.96,313.413,171.60000000000002
56994.61,311.349,172.168
61928.3,308.419,172.25900000000001
67289.08,305.736,172.36400000000003
73113.91,302.853,172.471
79442.97,300.538,172.59500000000003
86319.89,298.24,172.736
93792.12,295.996,172.85500000000002
101911.16,294.602,173.019
110733.03,292.403,173.15800000000002
120318.55,290.684,173.31799999999998
130733.84,288.915,173.507
142050.73,287.151,173.69399999999996
154347.25,285.845,173.863
167708.22,283.806,174.02999999999997
182225.75,282.398,174.21299999999997
