Frequency (Hz),Magnitude (Ohm),Phase (deg)
4000.0,397.04,-6.425000000000011
4346.26,395.5,-6.469999999999999
4722.49,393.745,-6.343999999999994
5131.29,392.02,-6.324000000000012
5575.47,390.312,-6.388000000000005
6058.11,388.404,-6.399000000000001
6582.53,386.807,-6.425999999999988
7152.34,384.49,-6.3799999999999955
7771.47,382.377,-6.581999999999994
8444.21,380.105,-6.465000000000003
9175.17,377.952,-6.735000000000014
9969.42,375.753,-6.671999999999997
10832.41,373.334,-6.638000000000005
11770.11,371.195,-6.789999999999992
12788.98,368.444,-6.877999999999986
13896.05,366.093,-6.911000000000001
15098.95,363.374,-6.961000000000013
16405.98,360.722,-6.789999999999992
17826.16,358.045,-7.018000000000001
19369.27,355.195,-6.806999999999988
21045.95,352.406,-7.009999999999991
22867.78,349.315,-7.295999999999992
24847.31,346.505,-6.973000000000013
26998.2,343.33,-7.233000000000004
29335.29,340.418,-6.819999999999993
31874.67,337.509,-6.3659999999999854
34633.88,334.737,-6.625
37631.94,332.058,-6.031000000000006
40889.52,329.003,-6.3559999999999945
44429.09,326.47,-6.61699999999999
48275.07,323.589,-6.0020000000000095
52453.96,321.522,-5.703000000000003
56994.61,319.765,-5.578000000000003
61928.3,317.629,-4.554000000000002
67289.08,315.46,-4.869
73113.91,312.906,-3.8899999999999864
79442.97,312.127,-4.149000000000001
86319.89,308.223,-3.0250000000000057
93792.12,309.119,-2.8029999999999973
101911.16,303.629,-4.305000000000007
110733.03,303.152,-3.132000000000005
120318.55,300.48,-1.086999999999989
130733.84,298.816,-1.9579999999999984
142050.73,296.86,0.1810000000000116
154347.25,295.709,-0.7520000000000095
167708.22,294.0,1.7750000000000057
182225.75,293.032,0.61099999999999
